{
  "hash": "c7dd7470",
  "configHash": "454a8715",
  "lockfileHash": "a2b13be3",
  "browserHash": "03b9b00c",
  "optimized": {
    "@angular/common": {
      "src": "../../../../../node_modules/@angular/common/fesm2022/common.mjs",
      "file": "@angular_common.js",
      "fileHash": "d8612f3c",
      "needsInterop": false
    },
    "@angular/common/http": {
      "src": "../../../../../node_modules/@angular/common/fesm2022/http.mjs",
      "file": "@angular_common_http.js",
      "fileHash": "9e7d25f9",
      "needsInterop": false
    },
    "@angular/core": {
      "src": "../../../../../node_modules/@angular/core/fesm2022/core.mjs",
      "file": "@angular_core.js",
      "fileHash": "f609dd71",
      "needsInterop": false
    },
    "@angular/platform-browser": {
      "src": "../../../../../node_modules/@angular/platform-browser/fesm2022/platform-browser.mjs",
      "file": "@angular_platform-browser.js",
      "fileHash": "6c997f8d",
      "needsInterop": false
    },
    "@angular/router": {
      "src": "../../../../../node_modules/@angular/router/fesm2022/router.mjs",
      "file": "@angular_router.js",
      "fileHash": "49e31520",
      "needsInterop": false
    },
    "@ngrx/effects": {
      "src": "../../../../../node_modules/@ngrx/effects/fesm2022/ngrx-effects.mjs",
      "file": "@ngrx_effects.js",
      "fileHash": "641a0a39",
      "needsInterop": false
    },
    "@ngrx/store": {
      "src": "../../../../../node_modules/@ngrx/store/fesm2022/ngrx-store.mjs",
      "file": "@ngrx_store.js",
      "fileHash": "92d3137c",
      "needsInterop": false
    },
    "rxjs": {
      "src": "../../../../../node_modules/rxjs/dist/esm5/index.js",
      "file": "rxjs.js",
      "fileHash": "0840f9e5",
      "needsInterop": false
    },
    "rxjs/operators": {
      "src": "../../../../../node_modules/rxjs/dist/esm5/operators/index.js",
      "file": "rxjs_operators.js",
      "fileHash": "d9dc9e13",
      "needsInterop": false
    }
  },
  "chunks": {
    "chunk-H6XBTKFY": {
      "file": "chunk-H6XBTKFY.js"
    },
    "chunk-ITRXT7AY": {
      "file": "chunk-ITRXT7AY.js"
    },
    "chunk-VNXHTARH": {
      "file": "chunk-VNXHTARH.js"
    },
    "chunk-OSQ45SU6": {
      "file": "chunk-OSQ45SU6.js"
    },
    "chunk-I56ZA3V2": {
      "file": "chunk-I56ZA3V2.js"
    },
    "chunk-KT3RQDJZ": {
      "file": "chunk-KT3RQDJZ.js"
    },
    "chunk-LMFWYZLC": {
      "file": "chunk-LMFWYZLC.js"
    },
    "chunk-RVQ3RH6Y": {
      "file": "chunk-RVQ3RH6Y.js"
    }
  }
}